キーボード,tfidf
キーボード,0.7352725096709851
ワイヤレス,0.24079749149137836
有線,0.18444063178063022
エレコム,0.1808047154928652
tk,0.174777891643103
usb,0.15541927275283626
無線,0.13895212495034578
キー,0.13833047383547267
ブラック,0.13599643848471432
マウス,0.12053647699524347
bk,0.10309351205993396
薄型,0.10309351205993396
ロジクール,0.10245600544595695
windows,0.094128858837331
mac,0.0904023577464326
配列,0.0904023577464326
日本語,0.08964653222602953
108,0.08437553389667042
elecom,0.08437553389667042
fdm,0.07834871004690826
無償,0.07834871004690826
年間,0.0761995523921251
380,0.07232188619714608
メンブレン,0.07232188619714608
fcm,0.0662950623473839
106,0.06148021059354341
保証,0.06084051195368798
bskbu,0.06026823849762174
bluetooth,0.05635685971074812
フル,0.05635685971074812
ゲーミングキーボード,0.05424141464785956
パソコン,0.05378791933561772
国内,0.051806424250945414
コンパクト,0.04930559272431624
tbk,0.04821459079809739
rgb,0.04218776694833521
メカニカル,0.04218776694833521
衝突,0.04218776694833521
正規,0.042059799128436125
ios,0.03616094309857304
mk,0.03616094309857304
ふるさと,0.03616094309857304
テンキー,0.03616094309857304
バッファ,0.03616094309857304
ロー,0.03616094309857304
納税,0.03616094309857304
android,0.03586345617956699
led,0.03585861289041181
pc,0.03585861289041181
付き,0.034779948805780087
対応,0.034779948805780087
スリム,0.031376286279110335
小型,0.031376286279110335
防水,0.030740105296771705
ghz,0.03013411924881087
sbk,0.03013411924881087
unifying,0.03013411924881087
wh,0.02689395966780886
ホワイト,0.025882953309806847
120,0.02561675441397642
接続,0.02561675441397642
063,0.024107295399048694
099,0.024107295399048694
1680,0.024107295399048694
275,0.024107295399048694
800,0.024107295399048694
skb,0.024107295399048694
tkfcm,0.024107295399048694
ubk,0.024107295399048694
xbk,0.024107295399048694
コンピューター,0.024107295399048694
ピアノ,0.024107295399048694
型式,0.024107295399048694
東プレ,0.024107295399048694
61,0.020493403531181134
ipad,0.020493403531181134
タブレット,0.020493403531181134
サイズ,0.01992554778882516
バック,0.01992554778882516
062,0.01808047154928652
090,0.01808047154928652
104,0.01808047154928652
109,0.01808047154928652
25,0.01808047154928652
buffalo,0.01808047154928652
fdp,0.01808047154928652
logicool,0.01808047154928652
mbk,0.01808047154928652
otk,0.01808047154928652
twh,0.01808047154928652
ukey,0.01808047154928652
タイムリー,0.01808047154928652
フルサイズ,0.01808047154928652
ブルートゥース,0.01808047154928652
メンブレンキー,0.01808047154928652
仕事,0.01808047154928652
仕様,0.01808047154928652
変え,0.01808047154928652
耐水,0.01808047154928652
ゲーム,0.017929306445205906
品質,0.017929306445205906
説明,0.017929306445205906
300,0.015940438231060127
os,0.015370052648385852
tm,0.015370052648385852
サンワサプライ,0.015370052648385852
設計,0.015370052648385852
ライト,0.014689146864203896
スマ,0.01431541457733835
26,0.01344697983390443
iphone,0.01344697983390443
種類,0.01344697983390443
耐久,0.01344697983390443
セット,0.012203061596521679
00029,0.012053647699524347
089,0.012053647699524347
097,0.012053647699524347
245,0.012053647699524347
750,0.012053647699524347
flow,0.012053647699524347
jis,0.012053647699524347
jp,0.012053647699524347
keyboard,0.012053647699524347
keys,0.012053647699524347
kx,0.012053647699524347
mx,0.012053647699524347
ow,0.012053647699524347
ps,0.012053647699524347
rd,0.012053647699524347
realforce,0.012053647699524347
ro,0.012053647699524347
tkfdm,0.012053647699524347
tla,0.012053647699524347
txwh,0.012053647699524347
アドバンスド,0.012053647699524347
イルミネートキーボード,0.012053647699524347
スタンダード,0.012053647699524347
メンブレンキーボード,0.012053647699524347
ワイヤレスフルキーボード,0.012053647699524347
寿命,0.012053647699524347
排水,0.012053647699524347
楽器,0.012053647699524347
演奏,0.012053647699524347
英字,0.012053647699524347
鍵盤,0.012053647699524347
電池,0.012053647699524347
搭載,0.011955328673295096
軽量,0.011955328673295096
スタンド,0.010736560933003762
楽天,0.010736560933003762
05,0.010246701765590567
14,0.010246701765590567
740,0.010246701765590567
910,0.010246701765590567
bl,0.010246701765590567
ミニ,0.010246701765590567
レス,0.010246701765590567
不要,0.010246701765590567
世代,0.010246701765590567
光る,0.010246701765590567
大型,0.010246701765590567
届け,0.010246701765590567
折りたたみ,0.010246701765590567
操作,0.010246701765590567
最適,0.010246701765590567
100,0.009706107491177568
充電,0.009706107491177568
1000,0.008964653222602953
gb,0.008964653222602953
one,0.008964653222602953
シルバー,0.008964653222602953
トップ,0.008964653222602953
電子,0.008964653222602953
中古,0.008813488118522337
10,0.008026142032103096
01,0.007970219115530064
デスク,0.007970219115530064
子供,0.007970219115530064
日本,0.007970219115530064
あす,0.0073218369579130076
無料,0.0073218369579130076
送料,0.0073218369579130076
不可,0.007157707288669175
シリーズ,0.006470738327451712
ブルー,0.006470738327451712
機能,0.006470738327451712
0173,0.0060268238497621736
088,0.0060268238497621736
092,0.0060268238497621736
094,0.0060268238497621736
10000,0.0060268238497621736
102,0.0060268238497621736
107,0.0060268238497621736
235,0.0060268238497621736
240,0.0060268238497621736
4969887668399,0.0060268238497621736
516,0.0060268238497621736
5826,0.0060268238497621736
7801,0.0060268238497621736
79,0.0060268238497621736
87,0.0060268238497621736
aa,0.0060268238497621736
