クレンジング,tfidf
落とし,0.4633228979367255
クレンジング,0.40605827010184936
洗顔,0.35920539278240515
メイク,0.307146640205245
化粧,0.2602937628858008
毛穴,0.24467613711265282
ml,0.17701878310841274
オイル,0.17699975876234458
ケア,0.1561762577314805
添加,0.11973513092746839
クレンジングジェル,0.10411750515432033
スキン,0.10411750515432033
ジェル,0.09891162989660432
美容,0.08849987938117229
200,0.07808812886574025
クレンジングオイル,0.07288225360802424
マツエク,0.07288225360802424
オーガニック,0.06767637835030822
送料,0.06746119603144383
無料,0.0632448712794786
クレンジングバーム,0.0624705030925922
不要,0.06195657408794445
敏感,0.05205875257716017
黒ずみ,0.05205875257716017
正規,0.050303894153847534
公式,0.04819184576902039
角質,0.04685287731944415
オイルクレンジング,0.04164700206172813
オリーブ,0.04164700206172813
コスメ,0.04164700206172813
配合,0.04164700206172813
150,0.039829226199392866
dhc,0.03644112680401212
fancl,0.03644112680401212
くすみ,0.03644112680401212
デュオ,0.03644112680401212
ファンケル,0.03644112680401212
ok,0.034845866423203184
クーポン,0.034845866423203184
セット,0.0316224356397393
450,0.0312352515462961
シュウウエムラ,0.0312352515462961
メーク,0.0312352515462961
off,0.030978287043972225
乾燥,0.030978287043972225
基礎,0.030978287043972225
500,0.030974103487291724
sk,0.030974103487291724
容量,0.027538197582297367
ii,0.026029376288580083
エイジングケア,0.026029376288580083
クレンジングゲル,0.026029376288580083
ソフィーナ,0.026029376288580083
フォーム,0.026029376288580083
マイルドクレンジングオイル,0.026029376288580083
酵素,0.026029376288580083
香り,0.026029376288580083
最大,0.02473085804724614
90,0.024095922884510197
10,0.0231095157590007
ギフト,0.02283885552696223
クリア,0.022127347888551592
天然,0.022127347888551592
汚れ,0.022127347888551592
ink,0.020823501030864066
とろける,0.020823501030864066
アルティム,0.020823501030864066
エスケーツー,0.020823501030864066
ゲル,0.020823501030864066
ナーセリー,0.020823501030864066
パウダー,0.020823501030864066
ビタミン,0.020823501030864066
ファクター,0.020823501030864066
マイルドクレンジング,0.020823501030864066
業務,0.020823501030864066
潤い,0.020823501030864066
炭酸,0.020823501030864066
300,0.020653648186723026
パック,0.020653648186723026
180,0.01935881467955733
あり,0.0177635542987484
400,0.017701878310841274
おすすめ,0.017701878310841274
ため,0.017701878310841274
フリー,0.017701878310841274
ホット,0.017701878310841274
マイク,0.017701878310841274
ランキング,0.017701878310841274
安値,0.017701878310841274
挑戦,0.017701878310841274
20,0.017211373488935852
日本,0.017211373488935852
対応,0.01617666103130049
allna,0.01561762577314805
clinique,0.01561762577314805
duo,0.01561762577314805
organic,0.01561762577314805
shu,0.01561762577314805
uemura,0.01561762577314805
これ,0.01561762577314805
まつ,0.01561762577314805
アル,0.01561762577314805
アルガンオイル,0.01561762577314805
エキス,0.01561762577314805
エク,0.01561762577314805
オルナ,0.01561762577314805
クリニーク,0.01561762577314805
クリーム,0.01561762577314805
クレイ,0.01561762577314805
クレンジングミルク,0.01561762577314805
コンビニ,0.01561762577314805
ジェルクレンジング,0.01561762577314805
スブリム,0.01561762577314805
テイク,0.01561762577314805
デイ,0.01561762577314805
ノン,0.01561762577314805
バーム,0.01561762577314805
ビューティ,0.01561762577314805
プリュ,0.01561762577314805
ホットクレンジング,0.01561762577314805
マッサージ,0.01561762577314805
ラベンダー,0.01561762577314805
全品,0.01561762577314805
受取,0.01561762577314805
店内,0.01561762577314805
成分,0.01561762577314805
石鹸,0.01561762577314805
花王,0.01561762577314805
落とす,0.01561762577314805
試し,0.01561762577314805
誘導体,0.01561762577314805
除去,0.01561762577314805
韓国,0.01561762577314805
香料,0.01561762577314805
1000,0.015487051743645862
ゆう,0.015487051743645862
ボトル,0.015487051743645862
楽天,0.015456786279528838
プレゼント,0.015225903684641485
商品,0.013769098791148683
国内,0.013769098791148683
120,0.013276408733130955
14,0.013276408733130955
59,0.013276408733130955
max,0.013276408733130955
しっかり,0.013276408733130955
しっとり,0.013276408733130955
オフ,0.013276408733130955
15,0.01236542902362307
タイプ,0.01236542902362307
ポイント,0.01236542902362307
50,0.011615288807734396
インク,0.011615288807734396
ダブル,0.011615288807734396
購入,0.011615288807734396
100,0.011178643145299452
ホワイト,0.011178643145299452
あす,0.0105408118799131
130,0.010411750515432033
250,0.010411750515432033
680,0.010411750515432033
99,0.010411750515432033
attenir,0.010411750515432033
clayge,0.010411750515432033
demarrer,0.010411750515432033
egf,0.010411750515432033
gf,0.010411750515432033
pt,0.010411750515432033
shuuemura,0.010411750515432033
skii,0.010411750515432033
sofina,0.010411750515432033
takami,0.010411750515432033
うるおい,0.010411750515432033
すっきり,0.010411750515432033
せっけん,0.010411750515432033
たるみ,0.010411750515432033
アテニア,0.010411750515432033
アミ,0.010411750515432033
アロエベラエキス,0.010411750515432033
イン,0.010411750515432033
イージーエフ,0.010411750515432033
エステ,0.010411750515432033
エポラーシェ,0.010411750515432033
オイリー,0.010411750515432033
オフクーポン,0.010411750515432033
オリーブバージンオイル,0.010411750515432033
オーガニックボタニクス,0.010411750515432033
カウ,0.010411750515432033
クレンジングウォーター,0.010411750515432033
クレンジングリキッド,0.010411750515432033
クレンズ,0.010411750515432033
クレージュ,0.010411750515432033
グレープフルーツ,0.010411750515432033
グロス,0.010411750515432033
ケミカル,0.010411750515432033
コメ,0.010411750515432033
コーン,0.010411750515432033
サロン,0.010411750515432033
シトラス,0.010411750515432033
ジェントルディープ,0.010411750515432033
スッキリ,0.010411750515432033
チューブ,0.010411750515432033
